<?xml version="1.0" encoding="UTF-8"?>
<!DOCTYPE mapper PUBLIC "-//mybatis.org//DTD Mapper 3.0//EN" "http://mybatis.org/dtd/mybatis-3-mapper.dtd">
<mapper namespace="com.mallplus.goods.mapper.PmsBrandMapper">

    <!-- 通用查询映射结果 -->
    <resultMap id="BaseResultMap" type="com.mallplus.goods.entity.PmsBrand">
        <id column="id" property="id" />
        <result column="name" property="name" />
        <result column="first_letter" property="firstLetter" />
        <result column="sort" property="sort" />
        <result column="factory_status" property="factoryStatus" />
        <result column="show_status" property="showStatus" />
        <result column="product_count" property="productCount" />
        <result column="product_comment_count" property="productCommentCount" />
        <result column="logo" property="logo" />
        <result column="big_pic" property="bigPic" />
        <result column="brand_story" property="brandStory" />
    </resultMap>

    <!-- 通用查询结果列 -->
    <sql id="Base_Column_List">
        id, name, first_letter, sort, factory_status, show_status, product_count, product_comment_count, logo, big_pic, brand_story
    </sql>

</mapper>
