<?xml version="1.0" encoding="UTF-8"?>
<!DOCTYPE mapper PUBLIC "-//mybatis.org//DTD Mapper 3.0//EN" "http://mybatis.org/dtd/mybatis-3-mapper.dtd">
<mapper namespace="com.mallplus.goods.mapper.PmsMemberPriceMapper">

    <!-- 通用查询映射结果 -->
    <resultMap id="BaseResultMap" type="com.mallplus.goods.entity.PmsMemberPrice">
        <id column="id" property="id" />
        <result column="product_id" property="productId" />
        <result column="member_level_id" property="memberLevelId" />
        <result column="member_price" property="memberPrice" />
        <result column="member_level_name" property="memberLevelName" />
    </resultMap>

    <!-- 通用查询结果列 -->
    <sql id="Base_Column_List">
        id, product_id, member_level_id, member_price, member_level_name
    </sql>

</mapper>
