<?xml version="1.0" encoding="UTF-8"?>
<!DOCTYPE mapper PUBLIC "-//mybatis.org//DTD Mapper 3.0//EN" "http://mybatis.org/dtd/mybatis-3-mapper.dtd">
<mapper namespace="com.mallplus.goods.mapper.PmsProductVertifyRecordMapper">

    <!-- 通用查询映射结果 -->
    <resultMap id="BaseResultMap" type="com.mallplus.goods.entity.PmsProductVertifyRecord">
        <id column="id" property="id" />
        <result column="product_id" property="productId" />
        <result column="create_time" property="createTime" />
        <result column="vertify_man" property="vertifyMan" />
        <result column="status" property="status" />
        <result column="detail" property="detail" />
    </resultMap>

    <!-- 通用查询结果列 -->
    <sql id="Base_Column_List">
        id, product_id, create_time, vertify_man, status, detail
    </sql>

</mapper>
