<?xml version="1.0" encoding="UTF-8"?>
<!DOCTYPE mapper PUBLIC "-//mybatis.org//DTD Mapper 3.0//EN" "http://mybatis.org/dtd/mybatis-3-mapper.dtd">
<mapper namespace="com.mallplus.cms.mapper.CmsParterMapper">

    <!-- 通用查询映射结果 -->
    <resultMap id="BaseResultMap" type="com.mallplus.cms.entity.CmsParter">
        <id column="id" property="id" />
        <result column="companyname" property="companyname" />
        <result column="name" property="name" />
        <result column="idcard" property="idcard" />
        <result column="phone" property="phone" />
        <result column="info" property="info" />
    </resultMap>

    <!-- 通用查询结果列 -->
    <sql id="Base_Column_List">
        id, companyname, name, idcard, phone, info
    </sql>

</mapper>
