<?xml version="1.0" encoding="UTF-8"?>
<!DOCTYPE mapper PUBLIC "-//mybatis.org//DTD Mapper 3.0//EN" "http://mybatis.org/dtd/mybatis-3-mapper.dtd">
<mapper namespace="com.mallplus.cms.mapper.CmsSubjectMapper">

    <!-- 通用查询映射结果 -->
    <resultMap id="BaseResultMap" type="com.mallplus.cms.entity.CmsSubject">
        <id column="id" property="id" />
        <result column="category_id" property="categoryId" />
        <result column="title" property="title" />
        <result column="pic" property="pic" />
        <result column="product_count" property="productCount" />
        <result column="recommend_status" property="recommendStatus" />
        <result column="create_time" property="createTime" />
        <result column="collect_count" property="collectCount" />
        <result column="read_count" property="readCount" />
        <result column="comment_count" property="commentCount" />
        <result column="album_pics" property="albumPics" />
        <result column="description" property="description" />
        <result column="show_status" property="showStatus" />
        <result column="content" property="content" />
        <result column="forward_count" property="forwardCount" />
        <result column="category_name" property="categoryName" />
        <result column="area_id" property="areaId" />
        <result column="school_id" property="schoolId" />
        <result column="member_id" property="memberId" />
        <result column="reward" property="reward" />
    </resultMap>

    <!-- 通用查询结果列 -->
    <sql id="Base_Column_List">
        id, category_id, title, pic, product_count, recommend_status, create_time, collect_count, read_count, comment_count, album_pics, description, show_status, content, forward_count, category_name, area_id, school_id, member_id, reward
    </sql>

</mapper>
