<?xml version="1.0" encoding="UTF-8"?>
<!DOCTYPE mapper PUBLIC "-//mybatis.org//DTD Mapper 3.0//EN" "http://mybatis.org/dtd/mybatis-3-mapper.dtd">
<mapper namespace="com.mallplus.cms.mapper.CmsTopicCommentMapper">

    <!-- 通用查询映射结果 -->
    <resultMap id="BaseResultMap" type="com.mallplus.cms.entity.CmsTopicComment">
        <id column="id" property="id" />
        <result column="member_nick_name" property="memberNickName" />
        <result column="topic_id" property="topicId" />
        <result column="member_icon" property="memberIcon" />
        <result column="content" property="content" />
        <result column="create_time" property="createTime" />
        <result column="show_status" property="showStatus" />
    </resultMap>

    <!-- 通用查询结果列 -->
    <sql id="Base_Column_List">
        id, member_nick_name, topic_id, member_icon, content, create_time, show_status
    </sql>

</mapper>
