<?xml version="1.0" encoding="UTF-8"?>
<!DOCTYPE mapper PUBLIC "-//mybatis.org//DTD Mapper 3.0//EN" "http://mybatis.org/dtd/mybatis-3-mapper.dtd">
<mapper namespace="com.mallplus.cms.mapper.CmsTopicMemberMapper">

    <!-- 通用查询映射结果 -->
    <resultMap id="BaseResultMap" type="com.mallplus.cms.entity.CmsTopicMember">
        <id column="id" property="id" />
        <result column="member_id" property="memberId" />
        <result column="username" property="username" />
        <result column="status" property="status" />
        <result column="topic_id" property="topicId" />
        <result column="create_time" property="createTime" />
    </resultMap>

    <!-- 通用查询结果列 -->
    <sql id="Base_Column_List">
        id, member_id, username, status, topic_id, create_time
    </sql>

</mapper>
