<?xml version="1.0" encoding="UTF-8"?>
<!DOCTYPE mapper PUBLIC "-//mybatis.org//DTD Mapper 3.0//EN" "http://mybatis.org/dtd/mybatis-3-mapper.dtd">
<mapper namespace="com.mallplus.marking.mapper.SmsFlashPromotionMapper">

    <!-- 通用查询映射结果 -->
    <resultMap id="BaseResultMap" type="com.mallplus.marking.entity.SmsFlashPromotion">
        <id column="id" property="id" />
        <result column="title" property="title" />
        <result column="start_date" property="startDate" />
        <result column="end_date" property="endDate" />
        <result column="status" property="status" />
        <result column="create_time" property="createTime" />
    </resultMap>

    <!-- 通用查询结果列 -->
    <sql id="Base_Column_List">
        id, title, start_date, end_date, status, create_time
    </sql>

</mapper>
