<?xml version="1.0" encoding="UTF-8"?>
<!DOCTYPE mapper PUBLIC "-//mybatis.org//DTD Mapper 3.0//EN" "http://mybatis.org/dtd/mybatis-3-mapper.dtd">
<mapper namespace="com.mallplus.marking.mapper.SmsFlashPromotionProductRelationMapper">

    <!-- 通用查询映射结果 -->
    <resultMap id="BaseResultMap" type="com.mallplus.marking.entity.SmsFlashPromotionProductRelation">
        <id column="id" property="id" />
        <result column="flash_promotion_id" property="flashPromotionId" />
        <result column="flash_promotion_session_id" property="flashPromotionSessionId" />
        <result column="product_id" property="productId" />
        <result column="flash_promotion_price" property="flashPromotionPrice" />
        <result column="flash_promotion_count" property="flashPromotionCount" />
        <result column="flash_promotion_limit" property="flashPromotionLimit" />
        <result column="sort" property="sort" />
    </resultMap>

    <!-- 通用查询结果列 -->
    <sql id="Base_Column_List">
        id, flash_promotion_id, flash_promotion_session_id, product_id, flash_promotion_price, flash_promotion_count, flash_promotion_limit, sort
    </sql>

</mapper>
