<?xml version="1.0" encoding="UTF-8"?>
<!DOCTYPE mapper PUBLIC "-//mybatis.org//DTD Mapper 3.0//EN" "http://mybatis.org/dtd/mybatis-3-mapper.dtd">
<mapper namespace="com.mallplus.marking.mapper.SmsGroupMemberMapper">

    <!-- 通用查询映射结果 -->
    <resultMap id="BaseResultMap" type="com.mallplus.marking.entity.SmsGroupMember">
        <id column="id" property="id" />
        <result column="group_id" property="groupId" />
        <result column="member_id" property="memberId" />
        <result column="create_time" property="createTime" />
        <result column="main_id" property="mainId" />
        <result column="name" property="name" />
        <result column="goods_id" property="goodsId" />
        <result column="status" property="status" />
        <result column="order_id" property="orderId" />
    </resultMap>

    <!-- 通用查询结果列 -->
    <sql id="Base_Column_List">
        id, group_id, member_id, create_time, main_id, name, goods_id, status, order_id
    </sql>

</mapper>
